{
  "Actor": {
    "types": [
      "character"
    ],
    "templates": {
      "base": {
        "version": 1
      }
    },
    "character": {
      "templates": [
        "base"
      ],
      "biography": "",
      "epithet": "",
      "race": "",
      "profession": "",
      "deity": "",
      "attributes": {
        "intelligence": {
          "value": 0,
          "max": 0
        },
        "perception": {
          "value": 0,
          "max": 0
        },
        "will": {
          "value": 0,
          "max": 0
        },
        "charisma": {
          "value": 0,
          "max": 0
        },
        "strength": {
          "value": 0,
          "max": 0
        },
        "constitution": {
          "value": 0,
          "max": 0
        },
        "dexterity": {
          "value": 0,
          "max": 0
        },
        "speed": {
          "value": 0,
          "max": 0
        },
        "glory": {
          "value": 0,
          "max": 0
        },
        "heropoints": {
          "value": 0,
          "max": 0
        },
        "combatrating": {
          "value": 0,
          "max": 0
        },
        "dynamism": {
          "value": 0,
          "max": 0
        },
        "hitpoints": {
          "value": 0,
          "max": 0
        },
        "fatepoints": {
          "value": 0,
          "max": 10
        },
        "relationship": {
          "value": 0,
          "max": 0
        },
        "internal": {
          "value": 0,
          "max": 0
        },
        "external": {
          "value": 0,
          "max": 0
        }
      }
    }
  },
  "Item": {
    "types": ["skill", "dynamism", "weapon"],
    "templates": {
      "common": {
        "notes": "",
        "order": -1,
        "version": 1
      },
      "sellable": {
        "price": "0"
      },
      "carriable": {
        "carriable": true
      },
      "spell": {
        "spell": true
      },
      "skilltype": {
        "skillid": ""
      }
    },
    "skill": {
      "templates": ["common", "skilltype"],
      "skill": "",
      "attribute": "",
      "specifier": "",
      "specifierCustom": "",
      "level": {
        "value": 0,
        "max": 0
      }
    },
    "dynamism": {
      "templates": ["common", "spell"],
      "level": {
        "value": 0,
        "max": 0,
        "attribute": ""
      }
    }
  }
}
