{
  "Actor": {
    "types": [
      "character"
    ],
    "templates": {
      "base": {
        "version": 1
      }
    },
    "character": {
      "templates": [
        "base"
      ],
      "biography": "",
      "epithet": "",
      "race": "",
      "profession": "",
      "deity": "",
      "xp": "",
      "attributes": {
        "intelligence": {
          "value": 0,
          "max": 0
        },
        "perception": {
          "value": 0,
          "max": 0
        },
        "will": {
          "value": 0,
          "max": 0
        },
        "charisma": {
          "value": 0,
          "max": 0
        },
        "strength": {
          "value": 0,
          "max": 0
        },
        "constitution": {
          "value": 0,
          "max": 0
        },
        "dexterity": {
          "value": 0,
          "max": 0
        },
        "speed": {
          "value": 0,
          "max": 0
        },
        "glory": {
          "value": 0,
          "max": 0
        },
        "heropoints": {
          "value": 0,
          "max": 0
        },
        "combatrating": {
          "value": 0,
          "max": 0
        },
        "dynamism": {
          "value": 0,
          "max": 0
        },
        "hitpoints": {
          "value": 0,
          "max": 0
        },
        "fatepoints": {
          "value": 0,
          "max": 10
        },
        "relationship": {
          "value": 0,
          "max": 0
        },
        "internal": {
          "value": 0,
          "max": 0
        },
        "external": {
          "value": 0,
          "max": 0
        }
      },
      "modifiers": {
        "armor":{
          "dexterity": 0,
          "perception": 0,
          "parry": 0,
          "pr": 0
        }
      },
      "disadvantages": {
        "relationship": {
          "level": 0,
          "info": ""
        },
        "internal": {
          "level": 0,
          "info": ""
        },
        "external": {
          "level": 0,
          "info": ""
        }
      },
      "ambitions": {
        "1": {
          "info": ""
        },
        "2": {
          "info": ""
        },
        "3": {
          "info": ""
        }
      },
      "possessions": {
        "info": ""
      },
      "abilities": {
        "info": ""
      },
      "personal": {
        "tree": {
          "house": "",
          "mother": {
            "grandmother": "",
            "grandfather": "",
            "name": ""
          },
          "father": {
            "grandmother": "",
            "grandfather": "",
            "name": ""
          },
          "children": {
            "firstborn": "a",
            "secondborn": "b",
            "thirdborn": "c",
            "fourthborn": "d",
            "fifthborn": "e",
            "sxithborn": "f"
          }
        },
        "birth": {
          "age": "",
          "month": "",
          "year": "",
          "planet": ""
        },
        "info": {
          "socialstation": "",
          "gift": "",
          "mark": "",
          "encounter": "",
          "destiny": "",
          "fate": "",
          "deeds": "",
          "notes": "",
          "familystatus": "",
          "callings": {
            "first": {
              "years": "",
              "notes": ""
            },
            "second": {
              "years": "",
              "notes": ""
            },
            "third": {
              "years": "",
              "notes": ""
            },
            "fourth": {
              "years": "",
              "notes": ""
            },
            "fifth": {
              "years": "",
              "notes": ""
            }
          }
        }
      }
    }
  },
  "Item": {
    "types": ["skill", "dynamism", "weapon", "armor", "talent"],
    "templates": {
      "common": {
        "notes": "",
        "order": -1,
        "version": 1
      },
      "sellable": {
        "price": "0"
      },
      "carriable": {
        "carriable": true
      },
      "spell": {
        "spell": true
      },
      "skilltype": {
        "skillid": ""
      },
      "wearable": {
        "active": false
      }
    },
    "skill": {
      "templates": ["common", "skilltype"],
      "skill": "",
      "attribute": "",
      "specifier": "",
      "specifierCustom": "",
      "level": {
        "value": 0,
        "max": 0
      }
    },
    "dynamism": {
      "templates": ["common", "spell", "skilltype"],
      "dod": 0,
      "dodinfo": "",
      "range": "",
      "tradition": "",
      "duration": "",
      "other": ""
    },
    "weapon": {
      "templates": ["common", "carriable", "sellable", "skilltype", "wearable"],
      "acc": 0,
      "dr": 0,
      "wt": 0,
      "rof": 0,
      "str": 0,
      "cha": 0,
      "ammo": "",
      "rng": "",
      "modifier": "regular",
      "ismissile": false
    },
    "armor": {
      "templates": ["common", "carriable", "sellable", "wearable"],
      "str": 0,
      "per": 0,
      "cha": 0,
      "parry": 0,
      "pr": 0,
      "wt": 0,
      "md": 0,
      "type": "clothingutility",
      "modifier": "regular"
    },
    "talent": {
      "templates": ["common"],
      "desc": "",
      "benefit": ""
    }
  }
}
